symbol,name2,sector
lumi,leumi,finance
nice,nice,technology services
poli,poalim,finance
teva,teva,health technology
icl,icl,process industries
mztf,mizrahi tefahot,finance
azrg,azrieli group,finance
eslt,elbit systems,electronic technology
dsct,discount,finance
bezq,bezeq,communications
fibi,fibi bank,finance
mlsr,melisron,finance
strs,strauss group,consumer non-durables
amot,amot,finance
spen,shapir eng,non-energy minerals
ilco,israel corp,process industries
phoe,phoenix,finance
nwmd,newmed energy ltd,energy minerals
big,big,industrial services
opce,opc energy,utilities
mvne,mivne,finance
enlt,enlight energy,utilities
arpt,airport city,finance
harl,harel,finance
eltr,electra,industrial services
alhe,alony hetz,finance
ashg,ashtrom group,industrial services
dlekg,delek group,energy minerals
enrg,energix,utilities
gvym,gav-yam lands corp,finance
skbn,shikun & binui,industrial services
sae,shufersal,retail trade
ftal,fattal,consumer services
fibih,fibi holdings,finance
isro,isrotel,consumer services
mgdl,migdal insur.,finance
mtrx,matrix,technology services
mtrn,maytronics,consumer durables
elco,elco,producer manufacturing
mmhd,menora miv hld,finance
lapd,lapidoth cap.,finance
ptnr,partner,communications
fox,fox,consumer non-durables
pzol,paz oil,process industries
dimri,dimri,finance
afpr,afi properties,finance
clis,clal insurance,finance
alrpr,alrov propert,finance
forty,formula,technology services
dlea,delek automotiv,distribution services
hlan,hilan,technology services
orl,bazan,energy minerals
isrs,isras,finance
delg,delta-galil ind,consumer non-durables
mgor,mega or,commercial services
one,one technologi,technology services
nofr,o.y. nofar energy,utilities
smt,summit,finance
eqtl,equital,finance
rmli,rami levi,retail trade
tdrn,tadiran holding,producer manufacturing
isra,isramco negev 2,energy minerals
rtls,retailors ltd,distribution services
arad,arad investment,industrial services
iscn,israel canada,finance
vrds,veridis environmen,transportation
vilr,villar,consumer durables
sben,shikun & binui ene,industrial services
blsr,blue sq real es,finance
yhnf,yochananof,retail trade
dnya,dnya cebus,consumer durables
danh,dan hotels,consumer services
sano1,sano,consumer non-durables
cel,cellcom,communications
azrm,azorim,consumer durables
mgic,magic,technology services
rati,ratio energies ltd,energy minerals
nyax,nayax ltd,technology services
acro,kvutzat acro ltd,finance
ecp,electra co pr,producer manufacturing
iscd,isracard,finance
infn,infinya ltd,process industries
gct,g city ltd,finance
afre,africa residenc,finance
mske,meshek engy renewa,utilities
elcre,electra real e.,finance
crsr,carasso real estat,consumer durables
tase,tase,finance
prsk,prashkovsky,consumer durables
crsm,carasso motors ltd,distribution services
bcom,b communication,communications
ntml,neto malinda,distribution services
ildc,land dev,finance
ishi,israel shipyards,producer manufacturing
trpz,turpaz industries,consumer non-durables
nvpt,navitas petroleum,energy minerals
inrm,inrom const,process industries
scop,scope,distribution services
ptbl,propert & buil,finance
difi,direct finance of,finance
aplp,apollo power,utilities
nfta,naphtha,energy minerals
aura,aura,consumer durables
dorl,doral gp renewable,utilities
mltm,malam team,technology services
dane,danel,health services
plsn,plasson indus,producer manufacturing
dral,dor alon,energy minerals
ies,ies,finance
nvlg,novolog,distribution services
argo,argo properties nv,finance
ista,issta,consumer services
duni,duniec,consumer durables
gnrs,generation cap,miscellaneous
lvpr,levinstein prop,consumer durables
mdtr,meditr tower,consumer durables
tlsy,telsys,electronic technology
idin,idi insur,finance
hgg,hagag,finance
vtna,vitania,finance
dipl,diplomat holdings,distribution services
levi,levinstein eng,finance
ackr,ackerstein group l,non-energy minerals
rmon,rimon consulting &,industrial services
fbrt,fms,consumer durables
ilx,ilex medical,distribution services
ard,arad,producer manufacturing
dlti,delta israel brand,consumer non-durables
krur,kerur,consumer non-durables
lahav,lahav,finance
polp,polyram plastic in,process industries
elcp,electra power,utilities
nawi,nawi,finance
hron,hiron,finance
ibi,ibi inv house,finance
maxo,max stock ltd.,distribution services
hamat,hamat,producer manufacturing
arin,ari real estate (a,finance
adgr,adgar inv.,finance
jbnk,jerusalem,finance
cmdr,computer direct,technology services
disi,discount inv,retail trade
mtav,meitav investments,finance
mish,mivtach shamir,finance
isi,imagesat inertnati,technology services
bkfr,bait bakfar ltd,health services
mpp,more provident fun,finance
prtc,priortech,producer manufacturing
tmrp,tamar pet,energy minerals
atry,atreyu cap,finance
hipr,hiper global ltd,distribution services
mrin,mor indus,miscellaneous
bsen,bet shemesh,electronic technology
nxsn,next vision stabil,consumer durables
afhl,afcon hold,electronic technology
nstr,norstar,finance
gma,gama management,finance
kare,kardan real es,consumer durables
hub,hub cyber,technology services
rimo,rimoni,producer manufacturing
tpgm,top gum industries,consumer non-durables
ttam,tiv taam,retail trade
trx,terminal x online,distribution services
emdv,emilia devel,finance
luzn,luzon group,industrial services
plrm,palram,process industries
elal,el al,transportation
ecnr,econergy renewable,utilities
shva,auto bank serv,finance
rots,rotshtein,industrial services
vctr,victory,retail trade
oron,oron group,industrial services
mnif,menif financial,finance
incr,intercure,health technology
gold,gold,transportation
asgr,aspen group,finance
avgl,avgol,process industries
blgo,buligo capital ltd,finance
zmh,zmh,finance
cdev,cohen dev,miscellaneous
boti,bonei tichon,finance
glrs,globrands,distribution services
klil,klil,non-energy minerals
mnin,mendelson if,producer manufacturing
srac,s.r accord,finance
rani,rani zim,finance
etga,etga group ltd,transportation
zur,zur,finance
expo,export inv,finance
puls,pulsenmore ltd,technology services
hod,hod,producer manufacturing
orin,orian,transportation
mman,maman,transportation
amd,amiad water system,producer manufacturing
rpac,rapac,electronic technology
orbi,orbit,electronic technology
kafr,kafrit,process industries
hnmr,hanan mor,consumer durables
algs,alon gas,energy minerals
smnin,shemen industry,consumer non-durables
medn,mehadrin,process industries
hlms,holmes place,consumer services
crml,carmel corp ltd,finance
wlfd,willy food,distribution services
bvgg,bait vegag r/est,consumer durables
srft,sarfati,consumer durables
brih,rav bariach 08 ind,non-energy minerals
pen,peninsula group,process industries
trlt,tera light ltd,finance
elmr,elmor,industrial services
pnrg,phinergy ltd,producer manufacturing
anlt,analyst,finance
bkry,bikurey hasade hol,distribution services
rvl,raval,producer manufacturing
sncm,suny commun,distribution services
nto,neto,distribution services
emco,e&m,technology services
mrg,multi retail group,retail trade
glpl,golan plastic,producer manufacturing
krdi,karden israel,consumer durables
amrk,amir mark.,distribution services
payt,payton,producer manufacturing
jcfn,jacob finance and,finance
cast,castro,consumer non-durables
abra,abra tech,technology services
elws,electreon,producer manufacturing
tigbur,tgbr,commercial services
goss,g 1 secu,commercial services
gmla,gamla harel,finance
glbx,glassbox ltd,technology services
asho,ashot,electronic technology
mdpr,medipower 0.1$,finance
ildr,ild renewal,finance
salg,shalag,process industries
elrn,elron,finance
hgge,hagag europe devel,finance
ovrs,overseas,transportation
sofw,sofwave medical,health technology
ayal,ayalon hold.,finance
mshr,mishorim,finance
ntgr,netanel group,consumer durables
tra,tarya isreal ltd,consumer services
znkl,zanlakol,consumer non-durables
gpst,group psagot,finance
skln,skyline,consumer services
mcll,michlol finance,finance
mlrn,m.l.r.n projects,finance
aver,averbuch,distribution services
msla,maslavi,finance
spntc,spuntech,process industries
wesr,wesure global tech,finance
shom,shoham business,finance
tops,top systems,technology services
bons,bonus biogroup,health technology
bimt,bio meat foodtech,commercial services
givo,givot olam oil exp,energy minerals
slgn,solegreen,utilities
unit,unitronics,electronic technology
gagr,gaon group,non-energy minerals
ybox,ybox,finance
rtsn,rotem shani entrep,consumer durables
shan,shaniv,process industries
gncl,gencell ltd,producer manufacturing
brmg,brimag,retail trade
opal,opal balance,communications
aviv,aviv,consumer durables
pcbt,p.c.b tec,electronic technology
iccm,icecure medical,health technology
rmn,ram on,process industries
bran,baran,industrial services
lbtl,libental,finance
gsfi,gan shmuel,consumer non-durables
birm,birman,distribution services
ibiu,ibi managing,finance
taya,taya inv,consumer services
reka,rekah,health technology
golf,golf,consumer non-durables
shnp,schnapp,distribution services
angl,angel salomon,consumer non-durables
goho,golden house,health services
avgd,av-gad holdings,finance
prmg,primotec group ltd,consumer non-durables
aqua,aquarius engines,producer manufacturing
snfl,sunflower,utilities
ludn,ludan,industrial services
alba,albaad,consumer non-durables
toen,tomer energy,miscellaneous
msvt,massivit 3d printi,producer manufacturing
poly,polygon,finance
qltu,qualitau,electronic technology
accl,accel,industrial services
utrn,utron,technology services
cfx,cofix group,consumer services
tgi,tgi infrastructure,producer manufacturing
lsco,lesico,industrial services
rlco,ralco,retail trade
ptch-m,israel petrochemic,energy minerals
bril,brill,consumer non-durables
lbra,libra insurance co,finance
blrx,bioline rx,health technology
leof,levinski ofer,finance
msbi,hamashbir 365,retail trade
nuri,nur ink innovation,process industries
clab,c-lab ltd,electronic technology
knfm,knafaim,transportation
hmgs,homebiogas ltd,consumer durables
qnco,queenco,consumer services
turb,turbogen ltd,commercial services
aman,amanet,commercial services
fgas,fire & gas detecti,electronic technology
ravd,ravad,finance
aran,aran,distribution services
brnd,brand,producer manufacturing
ecpa,ecoppia scientific,producer manufacturing
bway,brainsway,health technology
sprg,spring,technology services
cbi,clal biotech,finance
frsx,foresight,producer manufacturing
jngo,jungo connectivity,technology services
gngr,ginegar,producer manufacturing
tfrlf,tefron,consumer non-durables
stg,stg,distribution services
shgr,shagrir,consumer services
frdn,fridenson,transportation
aluma,aluma infrastructu etf,finance
augn,augwind,producer manufacturing
zooz,zooz power ltd,producer manufacturing
mdin,modiin energy ltd,energy minerals
ortc,o.r.t.,electronic technology
yaac,yaacobi group,industrial services
prim,prime energy p.e.,utilities
scdx,scodix ltd,producer manufacturing
ppbt,purple biotech,health technology
lhis,lachish,producer manufacturing
eldav,eldav,finance
aryt,aryt,electronic technology
inin,inter indstries,industrial services
semg,seach medical,health technology
nxtm,nextcom,industrial services
bnrg,brenmiller,industrial services
guid,guideline group,technology services
lphl,lapidoth-heletz,energy minerals
gkl,global knafaim,finance
nisa,nissan,process industries
dna,d.n.a biomed,health technology
brkt,bareket capital lt,finance
pmvm,pomvom ltd,technology services
mgda,migdalor alternati,finance
ppil,plastopil hazorea,process industries
mtlf,matricelf ltd,health technology
rtpt,ratio petroleum,energy minerals
tede,tedea,producer manufacturing
snel,synel,technology services
mia,mia dynamics motor,finance
robo,robogroup,technology services
qlrd,quicklizard ltd,technology services
cptp,capital point,finance
tkun,tikun olam - cannb,process industries
scc,space com,consumer services
crmt,carmit,consumer non-durables
wilk,wilk technologies,commercial services
blnd,blender finance te,technology services
tmis,themis g.r.e.n. lt,consumer durables
cnmd,cannomed,process industries
elspc,elspec,producer manufacturing
imco,imco,electronic technology
bltz,blitz technologies,finance
amx,automax motors ltd,technology services
hicn,highcon systems,process industries
nrgn,nrgene techs ltd,health technology
tuza,teuza,finance
trp,tierra properties,consumer non-durables
canf,can fite bio,health technology
byon,beyon 3d ltd,technology services
tect,tectona ltd,technology services
biov,bio view,health technology
bhny,beeio honey ltd,finance
sono,sonovia ltd,health technology
emitf-m,elbit imaging ltd,finance
nost,nostromo energy,utilities
blrn,bladeranger ltd,producer manufacturing
grac,grace breeding ltd,process industries
plcr,plasto cargal,process industries
bbls,bubbles intergroup,technology services
ardm,aerodrome group,technology services
quik,quik techno,retail trade
kdst,kadimastem,health technology
phtm,photomyne ltd,technology services
thes,thirdeye systems l,commercial services
isrg,israir group ltd,finance
orad,orad,technology services
endy,endymed,health technology
ailn,axilion,finance
tran,trucknet enterpris,technology services
bram,bram indus,process industries
humx,human xtensions lt,health technology
rsel,rsl,electronic technology
pnax,panaxia israel,finance
mrhl,merchavia hold,finance
wnbz,wind buzz technol,industrial services
tgtr,together,health technology
svre,saverone 2014 ltd,technology services
intl,intelicanna,commercial services
sfet,safe-t group,technology services
nxgn,nextgen biomed ltd,health technology
svrt,savoreat ltd,consumer non-durables
rzr,razor labs ltd,technology services
isop,israel opportunity,energy minerals
gix,gix internet ltd,consumer services
tigi,tigi ltd,producer manufacturing
upsl,upsellon brands,retail trade
dm3,3dm digital manufa,technology services
bigt,big tech 50 r&d lp,finance
slcl,silver castle,health technology
flys,flying spark ltd,consumer non-durables
xtlb,xtl bio,health technology
gltc,glileo tech,commercial services
stec,sure tech invs,finance
mcrnt,micronet 0.1,technology services
amda,almeda ventures li,finance
mift,millennium food-te,finance
nala,nala digital comme,non-energy minerals
efnc,erech finance,health technology
bcur,erika b-cure,health technology
gltl,gilat telecom,communications
smag,smart agro-limited,commercial services
airo,airobotics ltd,electronic technology
ptx,petrotx,energy minerals
pmcn,pharmocann,health technology
nxfr,nextferm technolog,consumer non-durables
strg,storage drop,producer manufacturing
goto,goto ltd,commercial services
unct,unicorn techs ltd,finance
cntl,continual ltd,technology services
shmm,shamaym improve,technology services
aics,ai systems,electronic technology
glen,globe energy pu,energy minerals
feat,feat fund investme,finance
csure,cannassure,finance
infr-m,infimer ltd,distribution services
krnv-m,kardan nv,industrial services
hrl.f24,hrl.tel-bsh etf,—
ksm.f72,ksm.ta-90 etf,miscellaneous
psg.f73,psg.spenergy etf,—
tch.f81,tc.fubrentoil etf,—
tch.f120,tc.shta35 etf,—
hrl.f226,harel mutual funds etf,—
hrl.f14,hrl.ta-sme60 etf,—
psg.f127,psg.sp ixy h etf,—
ksm.fk1,ksm.koshtel-b60 etf,—
tch.f98,tc.lvrg*3ta35 etf,—
ksm.f143,ksm.m1wodh etf,—
ksm.f60,ksm.ru20n30u etf,—
tch.f164,tachlit sal phlx semicond etf,—
ksm.f90,ksm.hsi21nch etf,—
ksm.f139,ksm.djinetnch etf,—
tch.f46,tc.mdaxils etf,—
tch.f101,tc.stoxeu600ils etf,—
mtf.f95,migdal mutual fund etf,—
psg.fk1,psg.ko tel-b60 etf,—
tch.f33,tc.galil5-10 etf,—
hrl.f2,hrl.ta-125 etf,—
icon,icon group ltd,distribution services
hrl.f11,hrl.ta-90 etf,miscellaneous
psg.f17,psg.tel-yld etf,—
ksm.f43,ksm.tashttb etf,—
mtf.f2,mtf.tar25fig etf,—
ksm.f46,ksm.lvta-35x3 etf,—
psg.f100,psg.ftse chn 50 etf,—
buft,buff technologies,technology services
mtf.f1,mtf.tanlcfxg etf,miscellaneous
hrl.f209,hrl.ibox$3-7 etf,—
more.s6,moore mutual fund etf,miscellaneous
mtf.f85,migdal mutual fund etf,miscellaneous
ksm.f113,ksm.lvdaxnr3 etf,—
ksm.f198,ksm etf tel bonds-yields shekel etf,—
mtf.f80,migdal mutual fund etf,miscellaneous
mtf.f28,mtf.ixvntr etf,—
ksm.f75,ksm.ta-blue etf,miscellaneous
ksm.f138,ksm.ukxnukch etf,—
ksm.f91,ksm.cpbneq etf,—
ksm.f86,ksm.tagbdgv etf,—
ausa,aura smart,producer manufacturing
tch.f171,meitav tachlit mut etf,—
g107,group 107 ltd,technology services
mtf.f58,mtf.bnkbitbond2 etf,miscellaneous
psg.f71,psg.sptech etf,—
tndo,tondo smart ltd,technology services
hrl.f225,harel mutual funds etf,—
ksm.f121,ksm.sxxreh etf,—
ksm.f84,ksm.bcomcoch etf,—
tch.f20,tc.teldiv etf,—
ksm.f164,ksm.iboxpha1 etf,—
ksm.f69,ksm.m1fej etf,—
ksm.f145,ksm.djdvnch etf,—
psg.f41,psg.ta-35 etf,—
envm,envizion medical,health technology
mtf.f54,mtf.mtfccunt etf,—
psg.f137,psg.sp500 h etf,—
psg.f44,psg.ta-sme60 etf,—
hrl.f82,hrl.sp500lv mm etf,miscellaneous
psg.f161,psg.sta-90 etf,—
tch.f55,tc.spconsudis etf,—
hrl.f15,hrl.ta-real etf,miscellaneous
psg.f24,psg.tel-bsh etf,—
hrl.f26,hrl.ndx 100 etf,miscellaneous
cpia,cipia vision ltd,electronic technology
hrl.fk43,hrl. ks ta-125 etf,—
ksm.f94,ksm.ru20n30uch etf,—
tch.f93,tc.lvrg*2ta35 etf,—
tch.f4,tc.nasdaq100 etf,—
ksm.f111,ksm.lvsptr500n3 etf,—
mtf.f3,mtf.tel-b20 etf,—
ksm.f156,ksm.cpstksus etf,—
ksm.f2,ksm.tel-b50 etf,—
hrl.f13,hrl.tel-b40 etf,—
hrl.f217,harel sal le ndx100 3t mm etf,—
alma,almogim,finance
ksm.f107,ksm.tel-bcl etf,—
psg.f18,psg.tel-bclb etf,—
ksm.f49,ksm.goldlnpmch etf,—
psg.f112,psg.dax 30 h etf,—
ksm.f53,ksm.daxnr etf,—
tch.f97,tc.bondlyeter etf,—
psg.f47,psg.tel-sect etf,—
hrl.f221,harel sal tel bond composite etf,—
tch.f11,tc.sp500ils etf,—
ksm.f129,ksm.mdaxnrch etf,—
ksm.f159,ksm.ixrntr etf,—
mtf.f13,mtf.tel-bglo etf,—
ksm.f192,ksm etf ta sector-balance etf,—
tch.f58,tc.sphealth etf,miscellaneous
mtf.f36,mtf.daxnrhd etf,—
psg.f36,psg.ta-90 etf,—
psg.f124,psg.spfinance h etf,—
tch.f147,tc.sp500arisils etf,—
ksm.f10,ksm.hhotr etf,—
psg.f105,psg.msciworld etf,—
mtf.f96,migdal mutual fund etf,—
mtf.f26,mtf.ixrntr etf,—
tch.f49,tc.sphealthils etf,—
ksm.f148,ksm.shtel-yld etf,—
hrl.f303,hrl.tel-cpbi etf,—
ksm.f12,ksm.ixentr etf,—
ksm.f190,ksm.shtel-bglo etf,—
tch.f113,tc.dax30ils etf,—
ksm.f127,ksm.sx7reh etf,—
solr,solaer renewable,utilities
psg.f81,psg.sp ixy etf,—
mcmn,michman basad ltd,finance
mtf.f19,mtf.ta-125 etf,—
psg.f10,psg.talncgv etf,—
tch.f134,tc.cmpusaeq etf,—
ksm.f115,ksm.lsxndxnnr3 etf,—
psg.f38,psg.ta-blue etf,—
hrl.f77,hrl.stoxx600 etf,miscellaneous
psg.f74,psg.spfinance etf,—
psg.f69,psg.ndxusbb etf,—
psg.f9,psg.tar510gv etf,—
mtf.f15,mtf.tel-b50 etf,—
psg.f34,psg.tel-shaa etf,—
psg.f21,psg.tel-cp51 etf,—
ibitec.f,ibitec fund etf,—
tch.f9,tc.ta90 etf,—
psg.f35,psg.ta-bank5 etf,—
impc,impacx.io ltd,process industries
ksm.f62,ksm.tar510gv etf,—
ksm.f48,ksm.tel-bsh etf,—
hrl.f207,hrl.isecyber etf,—
mtf.f30,mtf.ixtntr etf,—
ksm.f195,ksm etf ise cyber security etf,—
psg.f12,psg.tel-b20 etf,—
hrl.f96,hrl.spenergy etf,miscellaneous
hrl.f64,hrl.dj30 etf,—
mtf.f16,mtf.ta-35 etf,miscellaneous
mtf.f50,mtf.nkyntrhd etf,—
spdv,speedvalue ltd,technology services
psg.f37,psg.ta-real etf,—
ksm.f207,ksm mutual funds etf,miscellaneous
psg.f136,psg.msci ac h etf,—
tch.f41,tc.telbondyield etf,—
mtf.f39,mtf.spsiadnhd etf,—
tch.f12,tc.dax30ils etf,—
hrl.f93,hrl.sphealtcamm etf,—
psg.f8,psg.tar25gv etf,—
ksm.f188,ksm.shta-125 etf,miscellaneous
tch.f5,tc.hsceiils etf,—
tch.f82,tc.fusilver etf,—
tch.f69,tc.spaerodefils etf,—
ksm.f42,ksm.talncgv etf,—
imed,imed infinity,finance
hrl.f214,hrl.ks ta-90 etf,—
hrl.f300,hrl.tel-b50 etf,—
hrl.f67,hrl.nikkei225mm etf,miscellaneous
ksm.f206,ksm mutual funds etf,—
psg.f68,psg.sphealth etf,—
psg.f54,psg.dax 30 etf,—
tch.f31,tc.shahar2-5 etf,—
hrl.f81,hrl.spfinancemm etf,miscellaneous
tch.f21,tc.tasme60 etf,miscellaneous
